{
    "files": {
        "mini_current_50to00_.3/data/bioclim_12.tif": {
            "layer": "B12"
        }, 
        "mini_current_50to00_.3/data/bioclim_17.tif": {
            "layer": "B17"
        }, 
        "mini_current_50to00_.3/data/bioclim_15.tif": {
            "layer": "B15"
        }, 
        "mini_current_50to00_.3/data/bioclim_16.tif": {
            "layer": "B16"
        }, 
        "mini_current_50to00_.3/data/bioclim_09.tif": {
            "layer": "B09"
        }, 
        "mini_current_50to00_.3/data/bioclim_10.tif": {
            "layer": "B10"
        }, 
        "mini_current_50to00_.3/data/bioclim_19.tif": {
            "layer": "B19"
        }, 
        "mini_current_50to00_.3/data/bioclim_06.tif": {
            "layer": "B06"
        }, 
        "mini_current_50to00_.3/data/bioclim_08.tif": {
            "layer": "B08"
        }, 
        "mini_current_50to00_.3/data/bioclim_11.tif": {
            "layer": "B11"
        }, 
        "mini_current_50to00_.3/data/bioclim_04.tif": {
            "layer": "B04"
        }, 
        "mini_current_50to00_.3/data/bioclim_03.tif": {
            "layer": "B03"
        }, 
        "mini_current_50to00_.3/data/bioclim_18.tif": {
            "layer": "B18"
        }, 
        "mini_current_50to00_.3/data/bioclim_05.tif": {
            "layer": "B05"
        }, 
        "mini_current_50to00_.3/data/bioclim_13.tif": {
            "layer": "B13"
        }, 
        "mini_current_50to00_.3/data/bioclim_14.tif": {
            "layer": "B14"
        }, 
        "mini_current_50to00_.3/data/bioclim_02.tif": {
            "layer": "B02"
        }, 
        "mini_current_50to00_.3/data/bioclim_01.tif": {
            "layer": "B01"
        }, 
        "mini_current_50to00_.3/data/bioclim_07.tif": {
            "layer": "B07"
        }
    }, 
    "license": "This dataset is freely available for academic and other non-commercial use. Redistribution, or commercial use is not allowed without prior permission.",
    "data_type": "Continuous", 
    "title": "Current climate layers for Redland City, 30" (~1km)",
    "format": "GeoTIFF", 
    "description": "This dataset is an extract of worldclim data for the Redland area.",
    "acknowledgement": [
        "Hijmans, R.J., S.E. Cameron, J.L. Parra, P.G. Jones and A. Jarvis, 2005. Very high resolution interpolated climate surfaces for global land areas. International Journal of Climatology 25: 1965-1978."
    ], 
    "geogcs": "WGS84", 
    "temporal_coverage": {
        "start": "1950", 
        "end": "2000"
    }, 
    "bounding_box": {
        "top": "-9.9750000", 
        "right": "156.2750000", 
        "bottom": "-44.5250000", 
        "left": "111.9750000"
    }, 
    "genre": "Climate", 
    "bccvl_metadata_version": "2014-09-01-01", 
    "resolution": "30 arcsec", 
    "external_url": "http://www.worldclim.org"
}


